exp,variante,loss_w,seed_declarada,seed_efetiva,split,protocolo,mAP50,mAP50_95,precision,recall,best_fitness,epochs_logged,runtime_h,wandb_run,state,job,origem,observacao
E0,baseline CIoU (yolo26m),0,default,0 (default),VAL,wandb_summary,0.8605,0.6189,0.7912,0.8173,0.6198,111,0.72,pestline/fly-species/E0_yolo26m_baseline (y0joklcn),finished,n/d (2026-09-06),W&B summary (última validação do best.pt ao fim do treino),"receita comum: 150 ép., batch 8, imgsz 1920, patience 30"
E1,"cabeça P2 (yolo26m-p2.yaml, 200 ép.)",0,default,0 (default),VAL,wandb_summary,0.8284,0.5905,0.7607,0.8161,0.6054,201,2.02,pestline/fly-species/E1_yolo26m_p2 (shp7xlkc),finished,n/d (2026-09-06),W&B summary (última validação do best.pt ao fim do treino),alternativa single-stage; TEST F1 em sahi_tta_single_seed.csv
E2,"treino em tiles 512 (imgsz 512, 60 ép.)",0,default,0 (default),VAL,wandb_summary,0.8366,0.5990,0.7821,0.8025,0.6061,56,0.91,pestline/fly-species/E2_yolo26m_sahi (ojzrkngx),finished,n/d (2026-09-06),W&B summary (última validação do best.pt ao fim do treino),VAL em tiles — NÃO comparável ao imgsz 1920; TEST F1 em sahi_tta_single_seed.csv
E10,"NWD w=0,5, C=44",0.5,default,0 (default),VAL,wandb_summary,0.8544,0.6180,0.7834,0.8311,0.6177,138,1.31,pestline/fly-species/E10_yolo26m_nwd (ro6yymqk),finished,32933,W&B summary (última validação do best.pt ao fim do treino),"results.csv best (PAPER_FACTS) = 0,8706 é máximo por época, não o best.pt — ver linhas results_csv_*"
E11,"NWD w=0,75",0.75,default,0 (default),VAL,wandb_summary,0.8659,0.6030,0.8075,0.8201,0.6033,118,0.87,pestline/fly-species/E10_w075 (4r8wbsby),finished,32947 (E10x),W&B summary (última validação do best.pt ao fim do treino),
E12,"NWD w=1,0 (sem CIoU)",1.0,default,0 (default),VAL,wandb_summary,0.6536,0.3381,0.5614,0.7019,0.3388,33,0.26,pestline/fly-species/E10_w100 (ziqlwumu),finished,32947 (E10x),W&B summary (última validação do best.pt ao fim do treino),colapso; parou em 33 steps logados (early stop)
E10b,"GCD w=0,5",0.5,default,0 (default),VAL,wandb_summary,0.8572,0.6296,0.8003,0.8287,0.6274,140,1.05,pestline/fly-species/E10b_yolo26m_gcd (tvpy6wmz),finished,32947 (E10x),W&B summary (última validação do best.pt ao fim do treino),
E13,multi_scale + rect=false,0.5,default,,VAL,wandb_summary,,,,,,,0.04,pestline/fly-species/E13_yolo26m_multiscale (mbp9634d),failed,32947 (E10x),W&B summary (última validação do best.pt ao fim do treino),CUDA OOM após 127 s; abortou a cadeia E10x (E7 e TTA/WBF do 32947 não rodaram)
E10 s0,"NWD w=0,5, 'seed 0'",0.5,0,0,VAL,wandb_summary,0.8544,0.6180,0.7834,0.8311,0.6177,138,0.96,pestline/fly-species/E10_nwd_seed0 (c9o5qs8b),finished,33015 (E10y),W&B summary (última validação do best.pt ao fim do treino),summary idêntico ao E10_yolo26m_nwd → mesma trajetória
E10 s1,"NWD w=0,5, 'seed 1'",0.5,1,0 (bug),VAL,wandb_summary,0.8544,0.6180,0.7834,0.8311,0.6177,138,0.96,pestline/fly-species/E10_nwd_seed1 (mtipm02r),finished,33015 (E10y),W&B summary (última validação do best.pt ao fim do treino),"BUG DE SEED: summary idêntico ao seed0 (init_seeds antes do trainer, sobrescrito por args.seed=0)"
E10 s2,"NWD w=0,5, 'seed 2'",0.5,2,0 (bug),VAL,wandb_summary,0.8544,0.6180,0.7834,0.8311,0.6177,138,0.92,pestline/fly-species/E10_nwd_seed2 (gt2rg88m),finished,33015 (E10y),W&B summary (última validação do best.pt ao fim do treino),BUG DE SEED: summary idêntico ao seed0
E0 s0,"baseline CIoU, 'seed 0'",0,0,0,VAL,wandb_summary,0.8605,0.6189,0.7912,0.8173,0.6198,111,0.74,pestline/fly-species/E0_baseline_seed0 (yw5svpnc),finished,33015 (E10y),W&B summary (última validação do best.pt ao fim do treino),summary idêntico ao E0_yolo26m_baseline → reprodução determinística confirmada
E0 s1,"baseline CIoU, 'seed 1'",0,1,0 (bug),VAL,wandb_summary,0.8464,0.6114,0.8067,0.8113,0.6198,85,0.58,pestline/fly-species/E0_baseline_seed1 (z4i201go),crashed,33015 (E10y),W&B summary (última validação do best.pt ao fim do treino),"CRASHED no step 85 (best_fitness 0,6198 = idêntico ao s0 → mesma trajetória); métricas são da última época logada, não best.pt"
E0 s2,"baseline CIoU, 'seed 2'",0,2,,VAL,wandb_summary,,,,,,,,,não rodou,33015 (E10y),W&B (ausência de run),não rodou — cadeia 33015 abortou após crash do E0 s1
E7,"yolo26l + NWD w=0,5",0.5,default,,VAL,wandb_summary,,,,,,,,,não rodou,32947 e 33015,W&B (ausência de run),não rodou em nenhuma das duas cadeias (32947 abortou no E13; 33015 abortou no E0 s1)
E14,"NWD w=0,5 + RFLA",0.5,default,,VAL,wandb_summary,,,,,,,,,não rodou,33015 (E10y),W&B (ausência de run),não rodou (cadeia abortada)
TTA/WBF det.,ensemble TTA+WBF dos detectores (VAL),,,,VAL,wandb_summary,,,,,,,,,não rodou,32947 e 33015,W&B (ausência de run),não rodou; não confundir com E3_ensemble_tta (ensemble de classificadores no TEST)
E0,baseline CIoU (yolo26m),0,default,0 (default Ultralytics),VAL,results_csv_best,0.8565,,,,,,,,finished,n/d,docs/PAPER_FACTS.md §1 / rq3 README,best epoch = ep. 80 segundo R3 (coincide com best.pt); não verificável neste nó (fly-det/flydet_runs ausentes em dgx-B200-1)
E10,"NWD w=0,5, C=44",0.5,default,0 (default Ultralytics),VAL,results_csv_best,0.8706,,,,,,,,finished,32933,docs/PAPER_FACTS.md §1 / rq3 README,"máximo por época (ep. 64 de 137, R3); +1,4 p.p. NÃO é claim (DECISIONS 2026-09-25); não verificável neste nó (fly-det/flydet_runs ausentes em dgx-B200-1)"
E11,"NWD w=0,75",0.75,default,0 (default Ultralytics),VAL,results_csv_best,0.8642,,,,,,,,finished,32947,docs/PAPER_FACTS.md §1 / rq3 README,não verificável neste nó (fly-det/flydet_runs ausentes em dgx-B200-1)
E12,"NWD w=1,0 (sem CIoU)",1.0,default,0 (default Ultralytics),VAL,results_csv_best,0.6719,,,,,,,,finished,32947,docs/PAPER_FACTS.md §1 / rq3 README,"colapso; R3: 32 épocas, best fitness ép. 2, máx. mAP50 ép. 10 (PAPER_FACTS diz 'early stop ép. 10'); não verificável neste nó (fly-det/flydet_runs ausentes em dgx-B200-1)"
E10b,"GCD w=0,5",0.5,default,0 (default Ultralytics),VAL,results_csv_best,0.8619,0.6261,,,,,,,finished,32947,docs/PAPER_FACTS.md §1 / rq3 README,"melhor mAP50:95 no results.csv; +0,6 p.p. vs E0 (0,6198) — dentro do ruído; não verificável neste nó (fly-det/flydet_runs ausentes em dgx-B200-1)"
E0,baseline CIoU (yolo26m),0,default,0 (default Ultralytics),VAL,results_csv_bestpt,0.8565,0.6198,,,,,,,finished,n/d,docs/reviews/round-01/R3-rigor-stats.md W1,best.pt = ép. 80 (fitness); não verificável neste nó (fly-det/flydet_runs ausentes em dgx-B200-1)
E10,"NWD w=0,5, C=44",0.5,default,0 (default Ultralytics),VAL,results_csv_bestpt,0.8484,0.6177,,,,,,,finished,32933,docs/reviews/round-01/R3-rigor-stats.md W1,"best.pt = ép. 107 (fitness); sob regra consistente E10 fica −0,8 p.p. mAP50 vs E0; W&B summary do mesmo best.pt dá 0,8544 (passes de validação diferentes); não verificável neste nó (fly-det/flydet_runs ausentes em dgx-B200-1)"
