exp,variante,tipo,politica,split,protocolo,precision,recall,f1,tp,fn,fp,n_gt_especies,mAP50_harness_7cls,mAP50_95_harness_7cls,ms_img,seed,f1_paper_facts,origem_paper_facts,wandb_run,origem,observacao
E0,"YOLO26m baseline, foto inteira 1920",detector,,TEST,"harness eval_test_campaign (score≥0,25, IoU≥0,5, 4 espécies micro)",70.92,75.71,73.23,695,223,285,918,76.85,54.85,24.92,default (0),"73,2",docs/PAPER_FACTS.md §4,pestline/fly-species/test-campaign-036ef018 (036ef018cfcf494d8e15eb49e95acc1e),W&B summary test-campaign,referência
E1,"YOLO26m + cabeça P2, foto inteira",detector,,TEST,"harness eval_test_campaign (score≥0,25, IoU≥0,5, 4 espécies micro)",66.95,67.97,67.46,624,294,308,918,71.09,49.97,30.10,default (0),"67,5",docs/PAPER_FACTS.md §4,pestline/fly-species/test-campaign-036ef018 (036ef018cfcf494d8e15eb49e95acc1e),W&B summary test-campaign,"piorou (−5,7 p.p. F1)"
E2,"treino em tiles 512, aval. foto inteira 1920",detector,,TEST,"harness eval_test_campaign (score≥0,25, IoU≥0,5, 4 espécies micro)",71.24,75.27,73.20,691,227,279,918,74.88,54.51,24.54,default (0),"73,2",docs/PAPER_FACTS.md §4,pestline/fly-species/test-campaign-036ef018 (036ef018cfcf494d8e15eb49e95acc1e),W&B summary test-campaign,igual ao baseline
E2_sliced,"treino em tiles 512, inferência fatiada (SAHI: 512/stride 384/NMS 0,5/cap 300)",detector,,TEST,"harness eval_test_campaign (score≥0,25, IoU≥0,5, 4 espécies micro)",59.51,74.62,66.22,685,233,466,918,71.76,50.55,196.85,default (0),"66,2",docs/PAPER_FACTS.md §4,pestline/fly-species/test-campaign-036ef018 (036ef018cfcf494d8e15eb49e95acc1e),W&B summary test-campaign,piorou: FPs (466 vs 285) — efeito de borda
E3_ensemble,ensemble 3 classificadores (swin_t 224 + convnext_t 384 + convnext_s) sobre propostas E0,cascata,label_only,TEST,"harness eval_test_campaign (score≥0,25, IoU≥0,5, 4 espécies micro)",73.52,78.65,76.00,722,196,260,918,72.82,52.28,662.05,ver classifiers_single_seed.csv,,,pestline/fly-species/test-campaign-036ef018 (036ef018cfcf494d8e15eb49e95acc1e),W&B summary test-campaign,ensemble de CLASSIFICADORES (não TTA/WBF do detector); escolhido após ver o TEST → exploratório
E3_ensemble,"idem, score produto",cascata,product,TEST,"harness eval_test_campaign (score≥0,25, IoU≥0,5, 4 espécies micro)",77.43,75.49,76.45,693,225,202,918,74.34,53.29,662.05,ver classifiers_single_seed.csv,"76,4",docs/PAPER_FACTS.md §3,pestline/fly-species/test-campaign-036ef018 (036ef018cfcf494d8e15eb49e95acc1e),W&B summary test-campaign,"= 'Ensemble 3 classif.' do PAPER_FACTS §3 (R 75,5 / P 77,4 / F1 76,4 / 662 ms); exploratório"
E3_ensemble_tta,ensemble 3 classificadores + TTA,cascata,label_only,TEST,"harness eval_test_campaign (score≥0,25, IoU≥0,5, 4 espécies micro)",73.40,77.56,75.42,712,206,258,918,72.46,52.08,2426.95,ver classifiers_single_seed.csv,"75,4",docs/PAPER_FACTS.md §4,pestline/fly-species/test-campaign-036ef018 (036ef018cfcf494d8e15eb49e95acc1e),W&B summary test-campaign,"PAPER_FACTS §4 'Ensemble + TTA 75,4–75,6' = label_only 75,4 / product 75,6; 2427 ms = 3,7× o ensemble sem TTA"
E3_ensemble_tta,"idem, score produto",cascata,product,TEST,"harness eval_test_campaign (score≥0,25, IoU≥0,5, 4 espécies micro)",77.27,74.07,75.64,680,238,200,918,74.09,53.06,2426.95,ver classifiers_single_seed.csv,"75,6",docs/PAPER_FACTS.md §4,pestline/fly-species/test-campaign-036ef018 (036ef018cfcf494d8e15eb49e95acc1e),W&B summary test-campaign,exploratório
E2_eval_sahi,"modelo E2 (tiles 512), modo plain",detector,,n/d (não declarado no run),avaliador SAHI legado (fly_det/sahi_inference.py) — NÃO comparável ao harness,13.68,25.14,17.72,720,2144,4544,,4.64,1.74,,default (0),,,pestline/fly-species/E2_eval_sahi (v40xeurj),W&B summary,2026-09-06; classes/split não registrados no run; só para histórico
E2_eval_sahi,"modelo E2 (tiles 512), modo sliced",detector,,n/d (não declarado no run),avaliador SAHI legado (fly_det/sahi_inference.py) — NÃO comparável ao harness,28.74,87.81,43.31,2515,349,6235,,71.52,50.47,,default (0),,,pestline/fly-species/E2_eval_sahi (v40xeurj),W&B summary,2026-09-06; classes/split não registrados no run; só para histórico
TTA/WBF detector,ensemble TTA+WBF dos detectores E0/E10/… (eval_wbf_tta.py),detector,,VAL,avaliador WBF próprio,,,,,,,,,,,,,,,W&B (ausência de run),NUNCA RODOU (cadeias 32947 e 33015 abortaram antes da etapa 9)
