classificador,wandb_run_treino,state,data,seed,img_size,backbone,variante,epochs_config,epochs_done,best_epoch,max_hours,runtime_h,val_species_macro_f1,val_species_acc,val_acc_all7_legacy,test_acc_all7_legacy,test_gtcrop_species_f1,test_gtcrop_species_acc,test_gtcrop_acc_all7,test_cascade_label_only_P,test_cascade_label_only_R,test_cascade_label_only_F1,test_cascade_product_P,test_cascade_product_R,test_cascade_product_F1,test_cascade_mAP50_label_only,test_cascade_ms_img,f1_paper_facts,wandb_run_eval,observacao
Swin-T 224 (E3),pestline/fly-species/E3_swin (ettsirmw),finished,2026-09-07,n/d,224,swin_t,,40,40,,,0.89,,,88.33,87.92,77.14,77.73,87.92,70.25,78.21,74.02,71.29,77.89,74.44,71.29,192.25,"74,4",pestline/fly-species/test-campaign-036ef018 (036ef018cfcf494d8e15eb49e95acc1e),E3–E5 legado: seed não registrada no run; treino train_classifier.py
ConvNeXt-T 384 CE (E3b),pestline/fly-species/E3b_convnext (l2ys9lsg),finished,2026-09-07,n/d,384,convnext_t,,50,50,,,5.74,,,89.48,89.86,80.22,80.83,89.86,71.71,80.07,75.66,72.83,79.41,75.98,72.16,500.86,"76,0",pestline/fly-species/test-campaign-036ef018 (036ef018cfcf494d8e15eb49e95acc1e),E3–E5 legado: seed não registrada no run; treino train_classifier.py; 'melhor classificador individual' PAPER_FACTS §4
ConvNeXt-T 384 focal+cw (E3c),pestline/fly-species/E3c_focal (453bepak),finished,2026-09-07,n/d,384,convnext_t,,60,31,,,3.55,,,89.00,89.61,78.74,77.67,89.61,71.63,75.93,73.72,74.22,74.95,74.58,70.96,519.14,,pestline/fly-species/test-campaign-036ef018 (036ef018cfcf494d8e15eb49e95acc1e),E3–E5 legado: seed não registrada no run; treino train_classifier.py; 'focal etc.'
ConvNeXt-S 384 focal+cw (E3d),pestline/fly-species/E3d_convnext_s (iegv21jl),finished,2026-09-07,n/d,384,convnext_s,,60,18,,,2.84,,,88.88,89.23,77.71,77.67,89.19,67.87,75.71,71.58,71.94,72.88,72.40,69.62,531.44,"72,4",pestline/fly-species/test-campaign-036ef018 (036ef018cfcf494d8e15eb49e95acc1e),E3–E5 legado: seed não registrada no run; treino train_classifier.py
ConvNeXt-T 384 SAM-limpo (E4),pestline/fly-species/E4_convnext_sam (wrjfm0w0),finished,2026-09-07,n/d,384,convnext_t,,60,49,,,5.61,,,85.59,85.49,71.82,72.33,85.49,,,,,,,,,"71,8",pestline/fly-species/test-campaign-036ef018 (036ef018cfcf494d8e15eb49e95acc1e),"E3–E5 legado: seed não registrada no run; treino train_classifier.py; só GT-crops (diagnóstico); PAPER_FACTS '71,8 vs ≈79' = gt_crop species F1 vs E3b/E3c gt_crop"
ConvNeXt-T 512 focal+cw (E5),pestline/fly-species/E5_convnext_512 (skfyw3du),finished,2026-09-07,n/d,512,convnext_t,,60,18,,,3.80,,,86.93,88.49,75.62,73.31,88.49,68.95,71.35,70.13,72.54,68.19,70.30,68.62,777.72,"70,3",pestline/fly-species/test-campaign-036ef018 (036ef018cfcf494d8e15eb49e95acc1e),E3–E5 legado: seed não registrada no run; treino train_classifier.py
Ensemble E3 (swin_t+convnext_t+convnext_s),pestline/fly-species/E3_ensemble_tta (wq75vi0t),finished,2026-09-07,n/d,,,,,,,,0.00,,,,89.89,80.62,79.74,90.53,73.52,78.65,76.00,77.43,75.49,76.45,72.82,662.05,"76,4 (product)",pestline/fly-species/test-campaign-036ef018 (036ef018cfcf494d8e15eb49e95acc1e),run E3_ensemble_tta é só avaliação (2 s); exploratório
Ensemble E3 + TTA,pestline/fly-species/E3_ensemble_tta (wq75vi0t),finished,2026-09-07,n/d,,,,,,,,0.00,,,,89.89,79.13,77.45,89.89,73.40,77.56,75.42,77.27,74.07,75.64,72.46,2426.95,"75,4–75,6",pestline/fly-species/test-campaign-036ef018 (036ef018cfcf494d8e15eb49e95acc1e),"exploratório; 3,7× custo do ensemble"
ConvNeXt-T 384 CE (A1 baseline),pestline/fly-species/A1_baseline_architecture-night-v1-20260907 (2361b96d),finished,2026-09-08,42,384,torchvision.convnext_tiny,baseline,24,18,16,1.25,1.27,84.64,84.76,,,79.03,79.85,89.23,70.87,79.52,74.95,72.55,79.19,75.73,72.67,472.17,,pestline/fly-species/test-campaign-036ef018 (036ef018cfcf494d8e15eb49e95acc1e),"campanha architecture-night (job 32005), snapshot imutável, 24 ép./patience 5, budget 1,25 h; controle da cascata"
ConvNeXt-T 384 SupCon (A1),pestline/fly-species/A1_supcon_architecture-night-v1-20260907 (8a5a552d),finished,2026-09-08,42,384,torchvision.convnext_tiny,supcon,24,6,1,1.25,0.67,82.60,85.41,,,76.98,82.14,87.11,65.14,80.39,71.96,68.77,78.43,73.28,69.59,452.03,"72,0–73,3",pestline/fly-species/test-campaign-036ef018 (036ef018cfcf494d8e15eb49e95acc1e),"campanha architecture-night (job 32005), snapshot imutável, 24 ép./patience 5, budget 1,25 h; best epoch 1 (6 ép. logadas)"
ConvNeXt-T 384 ArcFace (A1),pestline/fly-species/A1_arcface_architecture-night-v1-20260907 (40be9d77),finished,2026-09-08,42,384,torchvision.convnext_tiny,arcface,24,18,15,1.25,1.27,85.25,85.74,,,79.10,80.61,89.47,70.50,79.41,74.69,70.57,79.41,74.73,72.17,434.50,,pestline/fly-species/test-campaign-036ef018 (036ef018cfcf494d8e15eb49e95acc1e),"campanha architecture-night (job 32005), snapshot imutável, 24 ép./patience 5, budget 1,25 h"
ConvNeXt-T 384 atenção a partes (A1) — PRINCIPAL,pestline/fly-species/A1_parts_architecture-night-v1-20260907 (55af7b92),finished,2026-09-08,42,384,torchvision.convnext_tiny,parts,24,22,17,1.5,1.55,86.30,86.22,,,79.36,81.05,89.23,71.15,80.07,75.35,72.19,79.19,75.53,72.12,462.74,"75,3",pestline/fly-species/test-campaign-036ef018 (036ef018cfcf494d8e15eb49e95acc1e),"campanha architecture-night (job 32005), snapshot imutável, 24 ép./patience 5, budget 1,25 h; recebeu extensão de 1,5 h (resume=True); selecionado na VAL por species_macro_f1"
ConvNeXt-T 384 hires stem/2 (A1),pestline/fly-species/A1_hires_architecture-night-v1-20260907 (b7ddf7f8),finished,2026-09-08,42,384,torchvision.convnext_tiny,hires,24,10,9,1.25,1.26,83.70,86.39,,,77.18,80.50,88.17,67.59,79.96,73.25,70.34,78.54,74.22,70.09,814.69,,pestline/fly-species/test-campaign-036ef018 (036ef018cfcf494d8e15eb49e95acc1e),"campanha architecture-night (job 32005), snapshot imutável, 24 ép./patience 5, budget 1,25 h"
RoI head sobre features YOLO E0 congelado (A1 roi),pestline/fly-species/A1_roi_architecture-night-v1-20260907 (b357fdffeb4d),finished,2026-09-08,42,,,,,9,4,,0.01,77.77,84.12,,,71.28,79.63,,,,,,,,,,—,pestline/fly-species/test-campaign-036ef018 (036ef018cfcf494d8e15eb49e95acc1e),"GT-RoI, população 2.864; protocolo distinto; runtime W&B 50 s (treino em cache); 'pior que classificadores dedicados'"
parts+SupCon (A2 combo),pestline/fly-species/A2_parts_supcon_seed42_architecture-followup-v1-20260908 (10d71da6),finished,2026-09-09,42,384,torchvision.convnext_tiny,parts_supcon,24,8,6,1,1.02,84.12,81.85,,,78.02,77.12,89.54,70.90,76.69,73.68,73.47,76.03,74.73,70.71,466.86,,pestline/fly-species/test-campaign-036ef018 (036ef018cfcf494d8e15eb49e95acc1e),"followup (job 32009), budget 1 h"
hires+parts (A2 combo),pestline/fly-species/A2_hires_parts_seed42_architecture-followup-v1-20260908 (f9ae47a1),finished,2026-09-09,42,384,torchvision.convnext_tiny,hires_parts,24,8,3,1,1.01,83.28,81.20,,,74.97,72.44,87.29,70.36,71.90,71.12,74.17,70.70,72.39,66.69,815.78,,pestline/fly-species/test-campaign-036ef018 (036ef018cfcf494d8e15eb49e95acc1e),"followup (job 32009), budget 1 h"
hires+SupCon (A2 combo),pestline/fly-species/A2_hires_supcon_seed42_architecture-followup-v1-20260908 (e12bc766),finished,2026-09-09,42,384,torchvision.convnext_tiny,hires_supcon,24,4,4,1,1.01,82.20,83.79,,,76.30,77.67,87.96,68.32,78.21,72.93,71.68,76.91,74.20,69.01,816.00,,pestline/fly-species/test-campaign-036ef018 (036ef018cfcf494d8e15eb49e95acc1e),"followup (job 32009), budget 1 h"
ConvNeXt-T 384 CE seed 84 (A2),pestline/fly-species/A2_baseline_seed84_architecture-followup-v1-20260908 (4f49c176),finished,2026-09-09,84,384,torchvision.convnext_tiny,baseline,24,12,7,1.25,0.79,84.14,83.79,,,77.18,77.02,88.66,68.92,75.60,72.10,71.20,74.07,72.61,70.21,442.31,"70,1–72,6 (faixa)",pestline/fly-species/test-campaign-036ef018 (036ef018cfcf494d8e15eb49e95acc1e),"réplica fresca seed 84, budget 1,25 h"
ConvNeXt-T 384 partes seed 84 (A2),pestline/fly-species/A2_parts_seed84_architecture-followup-v1-20260908 (9ccb38a3),finished,2026-09-09,84,384,torchvision.convnext_tiny,parts,24,8,3,1.25,0.53,84.36,87.68,,,75.30,78.87,87.32,63.73,77.89,70.10,66.51,76.80,71.28,67.46,500.41,"70,1–72,6 (faixa)",pestline/fly-species/test-campaign-036ef018 (036ef018cfcf494d8e15eb49e95acc1e),"réplica fresca seed 84, budget 1,25 h"
